Фамилия,Имя,Отчество,Компания,Рабочий тел,Личный тел
Комаров,Денис,Валерьевич,ФАУГ НИИ Авиационных Систем,+7 922 836 5869,+7 922 842 6019
Михайлов,Игорь,Дмитриевич,ТВИНКЛТОС,+7 922 839 0890,+7 922 842 6222
Сосунов,Иван,Иванович,Effective Mobile,+7 922 843 5581,+7 922 843 0777
Михайлов,Игорь,Дмитриевич,ТВИНКЛТОС,+7 922 839 0890,+7 922 842 6222
Сосунов,Иван,Иванович,Effective Mobile,+7 922 843 5581,+7 922 843 0777
Михайлов,Игорь,Дмитриевич,ТВИНКЛТОС,+7 922 839 0890,+7 922 842 6222
Сосунов,Иван,Иванович,Effective Mobile,+7 922 843 5581,+7 922 843 0777
Михайлов,Игорь,Дмитриевич,ТВИНКЛТОС,+7 922 839 0890,+7 922 842 6222
Сосунов,Иван,Иванович,Effective Mobile,+7 922 843 5581,+7 922 843 0777
Михайлов,Игорь,Дмитриевич,ТВИНКЛТОС,+7 922 839 0890,+7 922 842 6222
Сосунов,Иван,Иванович,Effective Mobile,+7 922 843 5581,+7 922 843 0777
Михайлов,Игорь,Дмитриевич,ТВИНКЛТОС,+7 922 839 0890,+7 922 842 6222
Сосунов,Иван,Иванович,Effective Mobile,+7 922 843 5581,+7 922 843 0777
Михайлов,Игорь,Дмитриевич,ТВИНКЛТОС,+7 922 839 0890,+7 922 842 6222
Сосунов,Иван,Иванович,Effective Mobile,+7 922 843 5581,+7 922 843 0777
Михайлов,Игорь,Дмитриевич,ТВИНКЛТОС,+7 922 839 0890,+7 922 842 6222
Сосунов,Иван,Иванович,Effective Mobile,+7 922 843 5581,+7 922 843 0777
Михайлов,Игорь,Дмитриевич,ТВИНКЛТОС,+7 922 839 0890,+7 922 842 6222
Сосунов,Иван,Иванович,Effective Mobile,+7 922 843 5581,+7 922 843 0777
Михайлов,Игорь,Дмитриевич,ТВИНКЛТОС,+7 922 839 0890,+7 922 842 6222
Сосунов,Иван,Иванович,Effective Mobile,+7 922 843 5581,+7 922 843 0777
Михайлов,Игорь,Дмитриевич,ТВИНКЛТОС,+7 922 839 0890,+7 922 842 6222
Сосунов,Иван,Иванович,Effective Mobile,+7 922 843 5581,+7 922 843 0777
Михайлов,Игорь,Дмитриевич,ТВИНКЛТОС,+7 922 839 0890,+7 922 842 6222
Сосунов,Иван,Иванович,Effective Mobile,+7 922 843 5581,+7 922 843 0777
Михайлов,Игорь,Дмитриевич,ТВИНКЛТОС,+7 922 839 0890,+7 922 842 6222
Сосунов,Иван,Иванович,Effective Mobile,+7 922 843 5581,+7 922 843 0777
Михайлов,Игорь,Дмитриевич,ТВИНКЛТОС,+7 922 839 0890,+7 922 842 6222
Сосунов,Иван,Иванович,Effective Mobile,+7 922 843 5581,+7 922 843 0777
Михайлов,Игорь,Дмитриевич,ТВИНКЛТОС,+7 922 839 0890,+7 922 842 6222
Сосунов,Иван,Иванович,Effective Mobile,+7 922 843 5581,+7 922 843 0777
Михайлов,Игорь,Дмитриевич,ТВИНКЛТОС,+7 922 839 0890,+7 922 842 6222
Сосунов,Иван,Иванович,Effective Mobile,+7 922 843 5581,+7 922 843 0777
Михайлов,Игорь,Дмитриевич,ТВИНКЛТОС,+7 922 839 0890,+7 922 842 6222
Сосунов,Иван,Иванович,Effective Mobile,+7 922 843 5581,+7 922 843 0777
Пупкин,Василий,Васильевич,ТКС,+7 922 843 2431,+7 922 843 5807
Иванов,Павел,Иванович,ТСК,+7 922 843 0777,
Петров,Николай,Иванович,Газпром,435465,+7 903 342 4522
